{"cameraMode":{"drawMode":0,"name":"Shaded","section":"Shading Mode"},"sceneLighting":true,"audioPlay":false,"sceneViewState":{"showFog":false,"showMaterialUpdate":false,"showSkybox":false,"showFlares":false,"showImageEffects":false,"showParticleSystems":false},"in2DMode":false,"pivot":{"x":-8.816630363464356,"y":15.143270492553711,"z":1.6444118022918702},"rotation":{"x":-0.11406563967466355,"y":-0.10115651786327362,"z":0.011675971560180188,"w":-0.9882409572601318},"size":22.762609481811525,"orthographic":false}